[
 {
  "sector": "Population",
  "x.name": "LE",
  "x.values": [
   20.0,
   30.0,
   40.0,
   50.0,
   60.0,
   70.0,
   80.0,
   90.0
  ],
  "y.name": "M1",
  "y.values": [
   0.0567,
   0.0366,
   0.0243,
   0.0155,
   0.0082,
   0.0023,
   0.001,
   0.001
  ]
 },
 {
  "sector": "Population",
  "x.name": "LE",
  "x.values": [
   20.0,
   30.0,
   40.0,
   50.0,
   60.0,
   70.0,
   80.0
  ],
  "y.name": "M2",
  "y.values": [
   0.0266,
   0.0171,
   0.011,
   0.0065,
   0.004,
   0.0016,
   0.0008
  ]
 },
 {
  "sector": "Population",
  "x.name": "LE",
  "x.values": [
   20.0,
   30.0,
   40.0,
   50.0,
   60.0,
   70.0,
   80.0
  ],
  "y.name": "M3",
  "y.values": [
   0.0562,
   0.0373,
   0.0252,
   0.0171,
   0.0118,
   0.0083,
   0.006
  ]
 },
 {
  "sector": "Population",
  "x.name": "LE",
  "x.values": [
   20.0,
   30.0,
   40.0,
   50.0,
   60.0,
   70.0,
   80.0
  ],
  "y.name": "M4",
  "y.values": [
   0.13,
   0.11,
   0.09,
   0.07,
   0.06,
   0.05,
   0.04
  ]
 },
 {
  "sector": "Population",
  "x.name": "FPC/SFPC",
  "x.values": [
   0.0,
   1.0,
   2.0,
   3.0,
   4.0,
   5.0
  ],
  "y.name": "LMF",
  "y.values": [
   0,
   1,
   1.43,
   1.5,
   1.5,
   1.5
  ]
 },
 {
  "sector": "Population",
  "x.name": "SOPC",
  "x.values": [
   0.0,
   250.0,
   500.0,
   750.0,
   1000.0,
   1250.0,
   1500.0,
   1750.0,
   2000.0
  ],
  "y.name": "HSAPC",
  "y.values": [
   0.0,
   20.0,
   50.0,
   95.0,
   140.0,
   175.0,
   200.0,
   220.0,
   230.0
  ]
 },
 {
  "sector": "Population",
  "x.name": "EHSPC",
  "x.values": [
   0.0,
   20.0,
   40.0,
   60.0,
   80.0,
   100.0,
   200.0
  ],
  "y.name": "LMHS1",
  "y.values": [
   1,
   1.1,
   1.4,
   1.6,
   1.7,
   1.8,
   1.8
  ]
 },
 {
  "sector": "Population",
  "x.name": "EHSPC",
  "x.values": [
   0.0,
   20.0,
   40.0,
   60.0,
   80.0,
   100.0,
   200.0
  ],
  "y.name": "LMHS2",
  "y.values": [
   1,
   1.5,
   1.9,
   2.0,
   2.0,
   2.0,
   2.0
  ]
 },
 {
  "sector": "Population",
  "x.name": "POP",
  "x.values": [
   0.0,
   2000000000.0,
   4000000000.0,
   6000000000.0,
   8000000000.0,
   10000000000.0,
   12000000000.0,
   14000000000.0,
   16000000000.0
  ],
  "y.name": "FPU",
  "y.values": [
   0,
   0.2,
   0.4,
   0.5,
   0.58,
   0.65,
   0.72,
   0.78,
   0.8
  ]
 },
 {
  "sector": "Population",
  "x.name": "IOPC",
  "x.values": [
   0.0,
   200.0,
   400.0,
   600.0,
   800.0,
   1000.0,
   1200.0,
   1400.0,
   1600.0
  ],
  "y.name": "CMI",
  "y.values": [
   0.5,
   0.05,
   -0.1,
   -0.08,
   -0.02,
   0.05,
   0.1,
   0.15,
   0.2
  ]
 },
 {
  "sector": "Population",
  "x.name": "PPOLX",
  "x.values": [
   0.0,
   10.0,
   20.0,
   30.0,
   40.0,
   50.0,
   60.0,
   70.0,
   80.0,
   90.0,
   100.0
  ],
  "y.name": "LMP",
  "y.values": [
   1.0,
   0.99,
   0.97,
   0.95,
   0.9,
   0.85,
   0.75,
   0.65,
   0.55,
   0.4,
   0.2
  ]
 },
 {
  "sector": "Population",
  "x.name": "LE",
  "x.values": [
   0.0,
   10.0,
   20.0,
   30.0,
   40.0,
   50.0,
   60.0,
   70.0,
   80.0
  ],
  "y.name": "FM",
  "y.values": [
   0,
   0.2,
   0.4,
   0.6,
   0.8,
   0.9,
   1.0,
   1.05,
   1.1
  ]
 },
 {
  "sector": "Population",
  "x.name": "PLE",
  "x.values": [
   0.0,
   10.0,
   20.0,
   30.0,
   40.0,
   50.0,
   60.0,
   70.0,
   80.0,
   90.0
  ],
  "y.name": "CMPLE",
  "y.values": [
   3,
   2.1,
   1.6,
   1.4,
   1.3,
   1.2,
   1.1,
   1.05,
   1.0,
   1.0
  ]
 },
 {
  "sector": "Population",
  "x.name": "DIOPC",
  "x.values": [
   0.0,
   200.0,
   400.0,
   600.0,
   800.0
  ],
  "y.name": "SFSN",
  "y.values": [
   1.25,
   0.94,
   0.715,
   0.59,
   0.5
  ]
 },
 {
  "sector": "Population",
  "x.name": "FIE",
  "x.values": [
   -0.2,
   -0.1,
   0.0,
   0.1,
   0.2
  ],
  "y.name": "FRSN",
  "y.values": [
   0.5,
   0.6,
   0.7,
   0.85,
   1.0
  ]
 },
 {
  "sector": "Population",
  "x.name": "FCFPC",
  "x.values": [
   0.0,
   0.5,
   1.0,
   1.5,
   2.0,
   2.5,
   3.0,
   15
  ],
  "y.name": "FCE_TOCLIP",
  "y.values": [
   0.75,
   0.85,
   0.9,
   0.95,
   0.98,
   0.99,
   1,
   1
  ]
 },
 {
  "sector": "Population",
  "x.name": "NFC",
  "x.values": [
   0.0,
   2.0,
   4.0,
   6.0,
   8.0,
   10.0
  ],
  "y.name": "FSAFC",
  "y.values": [
   0,
   0.005,
   0.015,
   0.025,
   0.03,
   0.035
  ]
 },
 {
  "sector": "Population",
  "x.name": "LE",
  "x.values": [
   25.0,
   35.0,
   45.0,
   55.0,
   65.0,
   75.0,
   85.0
  ],
  "y.name": "LEI",
  "y.values": [
   0,
   0.16,
   0.33,
   0.5,
   0.67,
   0.84,
   1
  ]
 }
 ,
 {
  "sector": "Population",
  "x.name": "IOPC",
  "x.values": [
   0.0,
   200.0,
   400.0,
   600.0,
   800.0,
   1000.0
  ],
  "y.name": "GDPC",
  "y.values": [
   120.0,
   600.0,
   1200.0,
   1800.0,
   2500.0,
   3200.0
  ]
 },
 {
  "sector": "Population",
  "x.name": "GDPC",
  "x.values": [
   0.0,
   1000.0,
   2000.0,
   3000.0,
   4000.0,
   5000.0,
   6000.0,
   7000.0
  ],
  "y.name": "EI",
  "y.values": [
   0.0,
   0.81,
   0.88,
   0.92,
   0.95,
   0.98,
   0.99,
   1.0
  ]
 }
 ,
 {
  "sector": "Capital",
  "x.name": "IOPC/IOPCD",
  "x.values": [
   0.0,
   0.2,
   0.4,
   0.6,
   0.8,
   1.0,
   1.2,
   1.4,
   1.6,
   1.8,
   2.0
  ],
  "y.name": "FIOACV",
  "y.values": [
   0.3,
   0.32,
   0.34,
   0.36,
   0.38,
   0.43,
   0.73,
   0.77,
   0.81,
   0.82,
   0.83
  ]
 },
 {
  "sector": "Capital",
  "x.name": "IOPC",
  "x.values": [
   0.0,
   200.0,
   400.0,
   600.0,
   800.0,
   1000.0,
   1200.0,
   1400.0,
   1600.0
  ],
  "y.name": "ISOPC1",
  "y.values": [
   40,
   300.0,
   640.0,
   1000.0,
   1220.0,
   1450.0,
   1650.0,
   1800.0,
   2000.0
  ]
 },
 {
  "sector": "Capital",
  "x.name": "IOPC",
  "x.values": [
   0.0,
   200.0,
   400.0,
   600.0,
   800.0,
   1000.0,
   1200.0,
   1400.0,
   1600.0
  ],
  "y.name": "ISOPC2",
  "y.values": [
   40,
   300.0,
   640.0,
   1000.0,
   1220.0,
   1450.0,
   1650.0,
   1800.0,
   2000.0
  ]
 },
 {
  "sector": "Capital",
  "x.name": "SOPC/ISOPC",
  "x.values": [
   0.0,
   0.5,
   1.0,
   1.5,
   2.0
  ],
  "y.name": "FIOAS1",
  "y.values": [
   0.3,
   0.2,
   0.1,
   0.05,
   0.0
  ]
 },
 {
  "sector": "Capital",
  "x.name": "SOPC/ISOPC",
  "x.values": [
   0.0,
   0.5,
   1.0,
   1.5,
   2.0
  ],
  "y.name": "FIOAS2",
  "y.values": [
   0.3,
   0.2,
   0.1,
   0.05,
   0.0
  ]
 },
 {
  "sector": "Capital",
  "x.name": "IOPC",
  "x.values": [
   50.0,
   200.0,
   350.0,
   500.0,
   650.0,
   800.0
  ],
  "y.name": "JPICU",
  "y.values": [
   0.00037,
   0.00018,
   0.00012,
   9e-05,
   7e-05,
   6e-05
  ]
 },
 {
  "sector": "Capital",
  "x.name": "SOPC",
  "x.values": [
   0,
   50.0,
   200.0,
   350.0,
   500.0,
   650.0,
   800.0,
   1200.0
  ],
  "y.name": "JPSCU",
  "y.values": [
   0.0011,
   0.0011,
   0.0006,
   0.00035,
   0.0002,
   0.00015,
   0.00015,
   0.00015
  ]
 },
 {
  "sector": "Capital",
  "x.name": "AIPH",
  "x.values": [
   2.0,
   6.0,
   10.0,
   14.0,
   18.0,
   22.0,
   26.0,
   30.0
  ],
  "y.name": "JPH",
  "y.values": [
   2.0,
   0.5,
   0.4,
   0.3,
   0.27,
   0.24,
   0.2,
   0.2
  ]
 },
 {
  "sector": "Capital",
  "x.name": "LUFD",
  "x.values": [
   1.0,
   3.0,
   5.0,
   7.0,
   9.0,
   11.0
  ],
  "y.name": "CUF",
  "y.values": [
   1.0,
   0.9,
   0.7,
   0.3,
   0.1,
   0.1
  ]
 },
 {
  "sector": "Agriculture",
  "x.name": "IOPC",
  "x.values": [
   0.0,
   200.0,
   400.0,
   600.0,
   800.0,
   1000.0,
   1200.0,
   1400.0,
   1600.0
  ],
  "y.name": "IFPC1",
  "y.values": [
   230.0,
   480.0,
   690.0,
   850.0,
   970.0,
   1070.0,
   1150.0,
   1210.0,
   1250.0
  ]
 },
 {
  "sector": "Agriculture",
  "x.name": "FRD",
  "x.values": [
   -2,
   0,
   1,
   2
  ],
  "y.name": "YTCM",
  "y.values": [
   0,
   0,
   0.04,
   0.04
  ]
 },
 {
  "sector": "Agriculture",
  "x.name": "IOPC",
  "x.values": [
   0.0,
   200.0,
   400.0,
   600.0,
   800.0,
   1000.0,
   1200.0,
   1400.0,
   1600.0
  ],
  "y.name": "IFPC2",
  "y.values": [
   230.0,
   480.0,
   690.0,
   850.0,
   970.0,
   1070.0,
   1150.0,
   1210.0,
   1250.0
  ]
 },
 {
  "sector": "Agriculture",
  "x.name": "FPC/IFPC",
  "x.values": [
   0.0,
   0.5,
   1.0,
   1.5,
   2.0,
   2.5
  ],
  "y.name": "FIOAA1",
  "y.values": [
   0.4,
   0.2,
   0.1,
   0.025,
   0.0,
   0.0
  ]
 },
 {
  "sector": "Agriculture",
  "x.name": "FPC/IFPC",
  "x.values": [
   0.0,
   0.5,
   1.0,
   1.5,
   2.0,
   2.5
  ],
  "y.name": "FIOAA2",
  "y.values": [
   0.4,
   0.2,
   0.1,
   0.025,
   0.0,
   0.0
  ]
 },
 {
  "sector": "Agriculture",
  "x.name": "PAL",
  "x.values": [
   0.0,
   0.1,
   0.2,
   0.3,
   0.4,
   0.5,
   0.6,
   0.7,
   0.8,
   0.9,
   1.0
  ],
  "y.name": "DCPH",
  "y.values": [
   100000.0,
   7400.0,
   5200.0,
   3500.0,
   2400.0,
   1500.0,
   750.0,
   300.0,
   150.0,
   75.0,
   50.0
  ]
 },
 {
  "sector": "Agriculture",
  "x.name": "AIPH",
  "x.values": [
   0.0,
   40.0,
   80.0,
   120.0,
   160.0,
   200.0,
   240.0,
   280.0,
   320.0,
   360.0,
   400.0,
   440.0,
   480.0,
   520.0,
   560.0,
   600.0,
   640.0,
   680.0,
   720.0,
   760.0,
   800.0,
   840.0,
   880.0,
   920.0,
   960.0,
   1000.0,
   10000.0
  ],
  "y.name": "LYMC",
  "y.values": [
   1.0,
   3.0,
   4.5,
   5,
   5.3,
   5.6,
   5.9,
   6.1,
   6.35,
   6.6,
   6.9,
   7.2,
   7.4,
   7.6,
   7.8,
   8,
   8.2,
   8.4,
   8.6,
   8.8,
   9,
   9.2,
   9.4,
   9.6,
   9.8,
   10.0,
   10.0
  ]
 },
 {
  "sector": "Agriculture",
  "x.name": "IO/IO70",
  "x.values": [
   0.0,
   10.0,
   20.0,
   30.0
  ],
  "y.name": "LYMAP1",
  "y.values": [
   1.0,
   1.0,
   0.7,
   0.4
  ]
 },
 {
  "sector": "Agriculture",
  "x.name": "IO/IO70",
  "x.values": [
   0.0,
   10.0,
   20.0,
   30.0
  ],
  "y.name": "LYMAP2",
  "y.values": [
   1.0,
   1.0,
   0.7,
   0.4
  ]
 },
 {
  "sector": "Agriculture",
  "x.name": "MPLD/MPAI",
  "x.values": [
   0.0,
   0.25,
   0.5,
   0.75,
   1.0,
   1.25,
   1.5,
   1.75,
   2.0
  ],
  "y.name": "FIALD",
  "y.values": [
   0.0,
   0.05,
   0.15,
   0.3,
   0.5,
   0.7,
   0.85,
   0.95,
   1.0
  ]
 },
 {
  "sector": "Agriculture",
  "x.name": "AIPH",
  "x.values": [
   0.0,
   40.0,
   80.0,
   120.0,
   160.0,
   200.0,
   240.0,
   280.0,
   320.0,
   360.0,
   400.0,
   440.0,
   480.0,
   520.0,
   560.0,
   600.0
  ],
  "y.name": "MLYMC",
  "y.values": [
   0.075,
   0.03,
   0.015,
   0.011,
   0.009,
   0.008,
   0.007,
   0.006,
   0.005,
   0.005,
   0.005,
   0.005,
   0.005,
   0.005,
   0.005,
   0.005
  ]
 },
 {
  "sector": "Agriculture",
  "x.name": "LY/ILF",
  "x.values": [
   0.0,
   1.0,
   2.0,
   3.0,
   4.0,
   5.0,
   6.0,
   7.0,
   8.0,
   9.0
  ],
  "y.name": "LLMY1",
  "y.values": [
   1.2,
   1.0,
   0.63,
   0.36,
   0.16,
   0.055,
   0.04,
   0.025,
   0.015,
   0.01
  ]
 },
 {
  "sector": "Agriculture",
  "x.name": "LY/ILF",
  "x.values": [
   0.0,
   1.0,
   2.0,
   3.0,
   4.0,
   5.0,
   6.0,
   7.0,
   8.0,
   9.0
  ],
  "y.name": "LLMY2",
  "y.values": [
   1.2,
   1.0,
   0.63,
   0.36,
   0.29,
   0.26,
   0.24,
   0.22,
   0.21,
   0.2
  ]
 },
 {
  "sector": "Agriculture",
  "x.name": "IOPC",
  "x.values": [
   0.0,
   200.0,
   400.0,
   600.0,
   800.0,
   1000.0,
   1200.0,
   1400.0,
   1600.0
  ],
  "y.name": "UILPC",
  "y.values": [
   0.005,
   0.008,
   0.015,
   0.025,
   0.04,
   0.055,
   0.07,
   0.08,
   0.09
  ]
 },
 {
  "sector": "Agriculture",
  "x.name": "PPOLX",
  "x.values": [
   0.0,
   10.0,
   20.0,
   30.0
  ],
  "y.name": "LFDR",
  "y.values": [
   0,
   0.1,
   0.3,
   0.5
  ]
 },
 {
  "sector": "Agriculture",
  "x.name": "FALM",
  "x.values": [
   0.0,
   0.02,
   0.04,
   0.06,
   0.08,
   0.1
  ],
  "y.name": "LFRT",
  "y.values": [
   20.0,
   13.0,
   8.0,
   4.0,
   2.0,
   2.0
  ]
 },
 {
  "sector": "Agriculture",
  "x.name": "PFR",
  "x.values": [
   0.0,
   1.0,
   2.0,
   3.0,
   4.0
  ],
  "y.name": "FALM",
  "y.values": [
   0.0,
   0.04,
   0.07,
   0.09,
   0.1
  ]
 },
 {
  "sector": "Resource",
  "x.name": "IOPC",
  "x.values": [
   0.0,
   200.0,
   400.0,
   600.0,
   800.0,
   1000.0,
   1200.0,
   1400.0,
   1600.0
  ],
  "y.name": "PCRUM",
  "y.values": [
   0.0,
   0.85,
   2.6,
   4.4,
   5.4,
   6.2,
   6.8,
   7.0,
   7.0
  ]
 },
 {
  "sector": "Resource",
  "x.name": "RTCR",
  "x.values": [
    -10,
    -1,
    0,
    1
  ],
  "y.name": "RTCM",
  "y.values": [
    -0.04,
    -0.04,
    0,
    0
  ]
 },
 {
  "sector": "Resource",
  "x.name": "NRFR",
  "x.values": [
   0.0,
   0.1,
   0.2,
   0.3,
   0.4,
   0.5,
   0.6,
   0.7,
   0.8,
   0.9,
   1.0
  ],
  "y.name": "FCAOR1",
  "y.values": [
   1.0,
   0.9,
   0.7,
   0.5,
   0.2,
   0.1,
   0.05,
   0.05,
   0.05,
   0.05,
   0.05
  ]
 },
 {
  "sector": "Resource",
  "x.name": "NRFR",
  "x.values": [
   0.0,
   0.1,
   0.2,
   0.3,
   0.4,
   0.5,
   0.6,
   0.7,
   0.8,
   0.9,
   1.0
  ],
  "y.name": "FCAOR2",
  "y.values": [
   1.0,
   0.2,
   0.1,
   0.05,
   0.05,
   0.05,
   0.05,
   0.05,
   0.05,
   0.05,
   0.05
  ]
 },
 {
  "sector": "Pollution",
  "x.name": "PPOLX",
  "x.values": [
   -246,
   1.0,
   251.0,
   501.0,
   751.0,
   1001.0
  ],
  "y.name": "AHLM",
  "y.values": [
   1.0,
   1.0,
   11.0,
   21.0,
   31.0,
   41.0
  ]
 },
 {
  "sector": "Pollution",
  "x.name": "FIO70",
  "x.values": [
    0,
    10,
    20,
    30
  ],
  "y.name": "YMAP1",
  "y.values": [
    1,
    1,
    0.7,
    0.4
  ]
 }
 ,
 {
  "sector": "Pollution",
  "x.name": "FIO70",
  "x.values": [
    0,
    10,
    20,
    30
  ],
  "y.name": "YMAP2",
  "y.values": [
    1,
    1,
    0.98,
    0.95
  ]
 }
 ,
 {
  "sector": "Pollution",
  "x.name": "PPTC",
  "x.values": [
    -100,
    -1,
    0,
    1
  ],
  "y.name": "PPTCM",
  "y.values": [
    -0.04,
    -0.04,
    0,
    0
  ]
 }
 ,
 {
  "sector": "Pollution",
  "x.name": "PPGF",
  "x.values": [
    0,
    0.1,
    0.2,
    0.3,
    0.4,
    0.5,
    0.6,
    0.7,
    0.8,
    0.9,
    1,
    2
  ],
  "y.name": "PPTMI",
  "y.values": [
    1.25,
    1.2,
    1.15,
    1.11,
    1.08,
    1.05,
    1.03,
    1.02,
    1.01,
    1,
    1,
    1
  ]
 }
 ,
 {
  "sector": "Pollution",
  "x.name": "IOPC",
  "x.values": [
    0,
    200,
    400,
    600,
    800,
    1000,
    1200,
    1400,
    1600
  ],
  "y.name": "PCRUM",
  "y.values": [
    0,
    0.85,
    2.6,
    3.4,
    3.8,
    4.1,
    4.4,
    4.7,
    5
  ]
 }
]